-- phpMyAdmin SQL Dump
-- version 5.2.1
-- https://www.phpmyadmin.net/
--
-- Host: 127.0.0.1
-- Generation Time: Dec 25, 2023 at 07:52 AM
-- Server version: 10.4.28-MariaDB
-- PHP Version: 8.2.4

SET SQL_MODE = "NO_AUTO_VALUE_ON_ZERO";
START TRANSACTION;
SET time_zone = "+00:00";


/*!40101 SET @OLD_CHARACTER_SET_CLIENT=@@CHARACTER_SET_CLIENT */;
/*!40101 SET @OLD_CHARACTER_SET_RESULTS=@@CHARACTER_SET_RESULTS */;
/*!40101 SET @OLD_COLLATION_CONNECTION=@@COLLATION_CONNECTION */;
/*!40101 SET NAMES utf8mb4 */;

--
-- Database: `dormtest`
--

-- --------------------------------------------------------

--
-- Table structure for table `account_list`
--

CREATE TABLE `account_list` (
  `id` int(30) NOT NULL,
  `code` varchar(100) NOT NULL,
  `student_id` int(30) NOT NULL,
  `room_id` int(30) NOT NULL,
  `rate` float(12,2) NOT NULL DEFAULT 0.00,
  `status` tinyint(1) NOT NULL DEFAULT 1,
  `delete_flag` tinyint(1) NOT NULL DEFAULT 0,
  `date_created` datetime NOT NULL DEFAULT current_timestamp(),
  `date_updated` datetime NOT NULL DEFAULT current_timestamp() ON UPDATE current_timestamp()
) ENGINE=InnoDB DEFAULT CHARSET=utf8mb4 COLLATE=utf8mb4_general_ci;

--
-- Dumping data for table `account_list`
--

INSERT INTO `account_list` (`id`, `code`, `student_id`, `room_id`, `rate`, `status`, `delete_flag`, `date_created`, `date_updated`) VALUES
(8, '202309170001', 3, 8, 1500.00, 1, 0, '2023-09-17 11:41:05', '2023-09-17 11:41:05'),
(9, '202309170002', 1, 8, 1500.00, 1, 0, '2023-09-17 11:41:15', '2023-09-17 11:41:15');

-- --------------------------------------------------------

--
-- Table structure for table `dorm_list`
--

CREATE TABLE `dorm_list` (
  `id` int(30) NOT NULL,
  `name` text NOT NULL,
  `status` tinyint(1) NOT NULL DEFAULT 1,
  `delete_flag` tinyint(1) NOT NULL DEFAULT 0,
  `date_created` datetime NOT NULL DEFAULT current_timestamp(),
  `date_updated` datetime NOT NULL DEFAULT current_timestamp() ON UPDATE current_timestamp()
) ENGINE=InnoDB DEFAULT CHARSET=utf8mb4 COLLATE=utf8mb4_general_ci;

--
-- Dumping data for table `dorm_list`
--

INSERT INTO `dorm_list` (`id`, `name`, `status`, `delete_flag`, `date_created`, `date_updated`) VALUES
(6, 'หอพัก A', 1, 0, '2023-08-24 08:47:50', '2023-08-24 08:47:50'),
(7, 'หอพัก B', 1, 0, '2023-08-24 13:36:29', '2023-08-24 13:36:29'),
(8, 'หอพัก C', 1, 0, '2023-08-24 13:36:36', '2023-08-24 13:36:36'),
(9, 'หอพัก D', 1, 0, '2023-08-24 13:36:42', '2023-08-24 13:36:42');

-- --------------------------------------------------------

--
-- Table structure for table `payment_list`
--

CREATE TABLE `payment_list` (
  `id` int(30) NOT NULL,
  `account_id` int(30) NOT NULL,
  `month_of` varchar(10) NOT NULL,
  `amount` float(12,2) NOT NULL DEFAULT 0.00,
  `date_created` datetime NOT NULL DEFAULT current_timestamp(),
  `date_updated` datetime NOT NULL DEFAULT current_timestamp() ON UPDATE current_timestamp()
) ENGINE=InnoDB DEFAULT CHARSET=utf8mb4 COLLATE=utf8mb4_general_ci;

-- --------------------------------------------------------

--
-- Table structure for table `room_list`
--

CREATE TABLE `room_list` (
  `id` int(30) NOT NULL,
  `dorm_id` int(30) NOT NULL,
  `name` text NOT NULL,
  `slots` int(10) NOT NULL DEFAULT 0,
  `price` float(12,2) NOT NULL DEFAULT 0.00,
  `status` tinyint(1) NOT NULL DEFAULT 1,
  `delete_flag` tinyint(1) NOT NULL DEFAULT 0,
  `date_created` datetime NOT NULL DEFAULT current_timestamp(),
  `date_updated` datetime NOT NULL DEFAULT current_timestamp() ON UPDATE current_timestamp()
) ENGINE=InnoDB DEFAULT CHARSET=utf8mb4 COLLATE=utf8mb4_general_ci;

--
-- Dumping data for table `room_list`
--

INSERT INTO `room_list` (`id`, `dorm_id`, `name`, `slots`, `price`, `status`, `delete_flag`, `date_created`, `date_updated`) VALUES
(8, 6, 'A101', 2, 1500.00, 1, 0, '2023-08-24 08:48:22', '2023-09-17 11:39:08'),
(9, 6, 'A102', 2, 1500.00, 1, 0, '2023-08-24 14:20:38', '2023-08-24 14:20:38'),
(10, 6, 'A103', 2, 1500.00, 1, 0, '2023-08-24 14:21:37', '2023-08-24 15:26:58'),
(11, 6, 'A104', 2, 1500.00, 1, 0, '2023-09-01 11:56:58', '2023-09-17 11:05:08'),
(12, 6, 'A105', 2, 1500.00, 1, 0, '2023-09-17 11:03:23', '2023-09-17 11:04:59'),
(13, 6, 'A106', 2, 1500.00, 1, 0, '2023-09-17 11:03:23', '2023-09-17 11:04:56'),
(14, 6, 'A107', 2, 1500.00, 1, 0, '2023-09-17 11:03:23', '2023-09-17 11:04:52'),
(15, 6, 'A108', 2, 1500.00, 1, 0, '2023-09-17 11:03:23', '2023-09-17 11:04:52'),
(17, 6, 'A109', 2, 1500.00, 1, 0, '2023-09-17 11:03:23', '2023-09-17 11:04:52'),
(18, 6, 'A110', 2, 1500.00, 1, 0, '2023-09-17 11:03:23', '2023-09-17 11:04:52'),
(19, 6, 'A111', 2, 1500.00, 1, 0, '2023-09-17 11:03:23', '2023-09-17 11:04:52'),
(20, 6, 'A112', 2, 1500.00, 1, 0, '2023-09-17 11:03:23', '2023-09-17 11:04:52'),
(21, 6, 'A113', 2, 1500.00, 1, 0, '2023-09-17 11:03:23', '2023-09-17 11:04:52'),
(22, 6, 'A114', 2, 1500.00, 1, 0, '2023-09-17 11:03:23', '2023-09-17 11:04:52'),
(23, 6, 'A115', 2, 1500.00, 1, 0, '2023-09-17 11:03:23', '2023-09-17 11:04:52'),
(24, 6, 'A116', 2, 1500.00, 1, 0, '2023-09-17 11:03:23', '2023-09-17 11:04:52'),
(25, 6, 'A117', 2, 1500.00, 1, 0, '2023-09-17 11:03:23', '2023-09-17 11:04:52'),
(26, 6, 'A118', 2, 1500.00, 1, 0, '2023-09-17 11:03:23', '2023-09-17 11:04:52'),
(27, 6, 'A119', 2, 1500.00, 1, 0, '2023-09-17 11:03:23', '2023-09-17 11:04:52'),
(28, 6, 'A120', 2, 1500.00, 1, 0, '2023-09-17 11:03:23', '2023-09-17 11:04:52'),
(29, 6, 'A121', 2, 1500.00, 1, 0, '2023-09-17 11:03:23', '2023-09-17 11:04:52'),
(30, 6, 'A122', 2, 1500.00, 1, 0, '2023-09-17 11:03:23', '2023-09-17 11:04:52'),
(31, 6, 'A123', 2, 1500.00, 1, 0, '2023-09-17 11:03:23', '2023-09-17 11:04:52'),
(32, 6, 'A124', 2, 1500.00, 1, 0, '2023-09-17 11:03:23', '2023-09-17 11:04:52'),
(33, 6, 'A201', 2, 1500.00, 1, 0, '2023-09-17 11:03:23', '2023-09-17 11:04:52'),
(34, 6, 'A202', 2, 1500.00, 1, 0, '2023-09-17 11:03:23', '2023-09-17 11:04:52'),
(35, 6, 'A203', 2, 1500.00, 1, 0, '2023-09-17 11:03:23', '2023-09-17 11:04:52'),
(36, 6, 'A204', 2, 1500.00, 1, 0, '2023-09-17 11:03:23', '2023-09-17 11:04:52'),
(37, 6, 'A205', 2, 1500.00, 1, 0, '2023-09-17 11:03:23', '2023-09-17 11:04:52'),
(38, 6, 'A206', 2, 1500.00, 1, 0, '2023-09-17 11:03:23', '2023-09-17 11:04:52'),
(39, 6, 'A207', 2, 1500.00, 1, 0, '2023-09-17 11:03:23', '2023-09-17 11:04:52'),
(40, 6, 'A208', 2, 1500.00, 1, 0, '2023-09-17 11:03:23', '2023-09-17 11:04:52'),
(41, 6, 'A209', 2, 1500.00, 1, 0, '2023-09-17 11:03:23', '2023-09-17 11:04:52'),
(42, 6, 'A210', 2, 1500.00, 1, 0, '2023-09-17 11:03:23', '2023-09-17 11:04:52'),
(43, 6, 'A211', 2, 1500.00, 1, 0, '2023-09-17 11:03:23', '2023-09-17 11:04:52'),
(44, 6, 'A212', 2, 1500.00, 1, 0, '2023-09-17 11:03:23', '2023-09-17 11:04:52'),
(45, 6, 'A213', 2, 1500.00, 1, 0, '2023-09-17 11:03:23', '2023-09-17 11:04:52'),
(46, 6, 'A214', 2, 1500.00, 1, 0, '2023-09-17 11:03:23', '2023-09-17 11:04:52'),
(47, 6, 'A215', 2, 1500.00, 1, 0, '2023-09-17 11:03:23', '2023-09-17 11:04:52'),
(48, 6, 'A216', 2, 1500.00, 1, 0, '2023-09-17 11:03:23', '2023-09-17 11:04:52'),
(49, 6, 'A217', 2, 1500.00, 1, 0, '2023-09-17 11:03:23', '2023-09-17 11:04:52'),
(50, 6, 'A218', 2, 1500.00, 1, 0, '2023-09-17 11:03:23', '2023-09-17 11:04:52'),
(51, 6, 'A219', 2, 1500.00, 1, 0, '2023-09-17 11:03:23', '2023-09-17 11:04:52'),
(52, 6, 'A220', 2, 1500.00, 1, 0, '2023-09-17 11:03:23', '2023-09-17 11:04:52'),
(53, 6, 'A221', 2, 1500.00, 1, 0, '2023-09-17 11:03:23', '2023-09-17 11:04:52'),
(54, 6, 'A222', 2, 1500.00, 1, 0, '2023-09-17 11:03:23', '2023-09-17 11:04:52'),
(55, 6, 'A223', 2, 1500.00, 1, 0, '2023-09-17 11:03:23', '2023-09-17 11:04:52'),
(56, 6, 'A224', 2, 1500.00, 1, 0, '2023-09-17 11:03:23', '2023-09-17 11:04:52'),
(57, 6, 'A301', 2, 1500.00, 1, 0, '2023-09-17 11:03:23', '2023-09-17 11:04:52'),
(58, 6, 'A302', 2, 1500.00, 1, 0, '2023-09-17 11:03:23', '2023-09-17 11:04:52'),
(59, 6, 'A303', 2, 1500.00, 1, 0, '2023-09-17 11:03:23', '2023-09-17 11:04:52'),
(60, 6, 'A304', 2, 1500.00, 1, 0, '2023-09-17 11:03:23', '2023-09-17 11:04:52'),
(61, 6, 'A305', 2, 1500.00, 1, 0, '2023-09-17 11:03:23', '2023-09-17 11:04:52'),
(62, 6, 'A306', 2, 1500.00, 1, 0, '2023-09-17 11:03:23', '2023-09-17 11:04:52'),
(63, 6, 'A307', 2, 1500.00, 1, 0, '2023-09-17 11:03:23', '2023-09-17 11:04:52'),
(64, 6, 'A308', 2, 1500.00, 1, 0, '2023-09-17 11:03:23', '2023-09-17 11:04:52'),
(65, 6, 'A309', 2, 1500.00, 1, 0, '2023-09-17 11:03:23', '2023-09-17 11:04:52'),
(66, 6, 'A310', 2, 1500.00, 1, 0, '2023-09-17 11:03:23', '2023-09-17 11:04:52'),
(67, 6, 'A311', 2, 1500.00, 1, 0, '2023-09-17 11:03:23', '2023-09-17 11:04:52'),
(68, 6, 'A312', 2, 1500.00, 1, 0, '2023-09-17 11:03:23', '2023-09-17 11:04:52'),
(69, 6, 'A313', 2, 1500.00, 1, 0, '2023-09-17 11:03:23', '2023-09-17 11:04:52'),
(70, 6, 'A314', 2, 1500.00, 1, 0, '2023-09-17 11:03:23', '2023-09-17 11:04:52'),
(71, 6, 'A315', 2, 1500.00, 1, 0, '2023-09-17 11:03:23', '2023-09-17 11:04:52'),
(72, 6, 'A216', 2, 1500.00, 1, 0, '2023-09-17 11:03:23', '2023-09-17 11:16:10'),
(73, 6, 'A317', 2, 1500.00, 1, 0, '2023-09-17 11:03:23', '2023-09-17 11:04:52'),
(74, 6, 'A318', 2, 1500.00, 1, 0, '2023-09-17 11:03:23', '2023-09-17 11:04:52'),
(75, 6, 'A319', 2, 1500.00, 1, 0, '2023-09-17 11:03:23', '2023-09-17 11:04:52'),
(76, 6, 'A320', 2, 1500.00, 1, 0, '2023-09-17 11:03:23', '2023-09-17 11:04:52'),
(77, 6, 'A321', 2, 1500.00, 1, 0, '2023-09-17 11:03:23', '2023-09-17 11:04:52'),
(78, 6, 'A322', 2, 1500.00, 1, 0, '2023-09-17 11:03:23', '2023-09-17 11:04:52'),
(79, 6, 'A323', 2, 1500.00, 1, 0, '2023-09-17 11:03:23', '2023-09-17 11:04:52'),
(80, 6, 'A324', 2, 1500.00, 1, 0, '2023-09-17 11:03:23', '2023-09-17 11:04:52'),
(81, 6, 'A401', 2, 1500.00, 1, 0, '2023-09-17 11:03:23', '2023-09-17 11:04:52'),
(82, 6, 'A402', 2, 1500.00, 1, 0, '2023-09-17 11:03:23', '2023-09-17 11:04:52'),
(83, 6, 'A403', 2, 1500.00, 1, 0, '2023-09-17 11:03:23', '2023-09-17 11:04:52'),
(84, 6, 'A404', 2, 1500.00, 1, 0, '2023-09-17 11:03:23', '2023-09-17 11:04:52'),
(85, 6, 'A405', 2, 1500.00, 1, 0, '2023-09-17 11:03:23', '2023-09-17 11:04:52'),
(86, 6, 'A406', 2, 1500.00, 1, 0, '2023-09-17 11:03:23', '2023-09-17 11:04:52'),
(87, 6, 'A407', 2, 1500.00, 1, 0, '2023-09-17 11:03:23', '2023-09-17 11:04:52'),
(88, 6, 'A408', 2, 1500.00, 1, 0, '2023-09-17 11:03:23', '2023-09-17 11:04:52'),
(89, 6, 'A409', 2, 1500.00, 1, 0, '2023-09-17 11:03:23', '2023-09-17 11:04:52'),
(90, 6, 'A410', 2, 1500.00, 1, 0, '2023-09-17 11:03:23', '2023-09-17 11:04:52'),
(91, 6, 'A411', 2, 1500.00, 1, 0, '2023-09-17 11:03:23', '2023-09-17 11:04:52'),
(92, 6, 'A412', 2, 1500.00, 1, 0, '2023-09-17 11:03:23', '2023-09-17 11:04:52'),
(93, 6, 'A413', 2, 1500.00, 1, 0, '2023-09-17 11:03:23', '2023-09-17 11:04:52'),
(94, 6, 'A414', 2, 1500.00, 1, 0, '2023-09-17 11:03:23', '2023-09-17 11:04:52'),
(95, 6, 'A415', 2, 1500.00, 1, 0, '2023-09-17 11:03:23', '2023-09-17 11:04:52'),
(96, 6, 'A416', 2, 1500.00, 1, 0, '2023-09-17 11:03:23', '2023-09-17 11:04:52'),
(97, 6, 'A417', 2, 1500.00, 1, 0, '2023-09-17 11:03:23', '2023-09-17 11:04:52'),
(98, 6, 'A418', 2, 1500.00, 1, 0, '2023-09-17 11:03:23', '2023-09-17 11:04:52'),
(99, 6, 'A419', 2, 1500.00, 1, 0, '2023-09-17 11:03:23', '2023-09-17 11:04:52'),
(100, 6, 'A420', 2, 1500.00, 1, 0, '2023-09-17 11:03:23', '2023-09-17 11:04:52'),
(101, 6, 'A421', 2, 1500.00, 1, 0, '2023-09-17 11:03:23', '2023-09-17 11:04:52'),
(102, 6, 'A422', 2, 1500.00, 1, 0, '2023-09-17 11:03:23', '2023-09-17 11:04:52'),
(103, 6, 'A423', 2, 1500.00, 1, 0, '2023-09-17 11:03:23', '2023-09-17 11:04:52'),
(104, 6, 'A424', 2, 1500.00, 1, 0, '2023-09-17 11:03:23', '2023-09-17 11:04:52'),
(105, 6, 'A501', 2, 1500.00, 1, 0, '2023-09-17 11:03:23', '2023-09-17 11:04:52'),
(106, 6, 'A502', 2, 1500.00, 1, 0, '2023-09-17 11:03:23', '2023-09-17 11:04:52'),
(107, 6, 'A503', 2, 1500.00, 1, 0, '2023-09-17 11:03:23', '2023-09-17 11:04:52'),
(108, 6, 'A504', 2, 1500.00, 1, 0, '2023-09-17 11:03:23', '2023-09-17 11:04:52'),
(109, 6, 'A505', 2, 1500.00, 1, 0, '2023-09-17 11:03:23', '2023-09-17 11:04:52'),
(110, 6, 'A506', 2, 1500.00, 1, 0, '2023-09-17 11:03:23', '2023-09-17 11:04:52'),
(111, 6, 'A507', 2, 1500.00, 1, 0, '2023-09-17 11:03:23', '2023-09-17 11:04:52'),
(112, 6, 'A508', 2, 1500.00, 1, 0, '2023-09-17 11:03:23', '2023-09-17 11:04:52'),
(113, 6, 'A509', 2, 1500.00, 1, 0, '2023-09-17 11:03:23', '2023-09-17 11:04:52'),
(114, 6, 'A510', 2, 1500.00, 1, 0, '2023-09-17 11:03:23', '2023-09-17 11:04:52'),
(115, 6, 'A511', 2, 1500.00, 1, 0, '2023-09-17 11:03:23', '2023-09-17 11:04:52'),
(116, 6, 'A512', 2, 1500.00, 1, 0, '2023-09-17 11:03:23', '2023-09-17 11:04:52'),
(117, 6, 'A513', 2, 1500.00, 1, 0, '2023-09-17 11:03:23', '2023-09-17 11:04:52'),
(118, 6, 'A514', 2, 1500.00, 1, 0, '2023-09-17 11:03:23', '2023-09-17 11:04:52'),
(119, 6, 'A515', 2, 1500.00, 1, 0, '2023-09-17 11:03:23', '2023-09-17 11:04:52'),
(120, 6, 'A516', 2, 1500.00, 1, 0, '2023-09-17 11:03:23', '2023-09-17 11:04:52'),
(121, 6, 'A517', 2, 1500.00, 1, 0, '2023-09-17 11:03:23', '2023-09-17 11:04:52'),
(122, 6, 'A518', 2, 1500.00, 1, 0, '2023-09-17 11:03:23', '2023-09-17 11:04:52'),
(123, 6, 'A519', 2, 1500.00, 1, 0, '2023-09-17 11:03:23', '2023-09-17 11:04:52'),
(124, 6, 'A520', 2, 1500.00, 1, 0, '2023-09-17 11:03:23', '2023-09-17 11:04:52'),
(125, 6, 'A521', 2, 1500.00, 1, 0, '2023-09-17 11:03:23', '2023-09-17 11:04:52'),
(126, 6, 'A522', 2, 1500.00, 1, 0, '2023-09-17 11:03:23', '2023-09-17 11:04:52'),
(127, 6, 'A523', 2, 1500.00, 1, 0, '2023-09-17 11:03:23', '2023-09-17 11:04:52'),
(128, 6, 'A524', 2, 1500.00, 1, 0, '2023-09-17 11:03:23', '2023-09-17 11:04:52'),
(129, 6, 'A601', 2, 1500.00, 1, 0, '2023-09-17 11:03:23', '2023-09-17 11:04:52'),
(130, 6, 'A602', 2, 1500.00, 1, 0, '2023-09-17 11:03:23', '2023-09-17 11:04:52'),
(131, 6, 'A603', 2, 1500.00, 1, 0, '2023-09-17 11:03:23', '2023-09-17 11:04:52'),
(132, 6, 'A604', 2, 1500.00, 1, 0, '2023-09-17 11:03:23', '2023-09-17 11:04:52'),
(133, 6, 'A605', 2, 1500.00, 1, 0, '2023-09-17 11:03:23', '2023-09-17 11:04:52'),
(134, 6, 'A606', 2, 1500.00, 1, 0, '2023-09-17 11:03:23', '2023-09-17 11:04:52'),
(135, 6, 'A607', 2, 1500.00, 1, 0, '2023-09-17 11:03:23', '2023-09-17 11:04:52'),
(136, 6, 'A608', 2, 1500.00, 1, 0, '2023-09-17 11:03:23', '2023-09-17 11:04:52'),
(137, 6, 'A609', 2, 1500.00, 1, 0, '2023-09-17 11:03:23', '2023-09-17 11:04:52'),
(138, 6, 'A610', 2, 1500.00, 1, 0, '2023-09-17 11:03:23', '2023-09-17 11:04:52'),
(139, 6, 'A611', 2, 1500.00, 1, 0, '2023-09-17 11:03:23', '2023-09-17 11:04:52'),
(140, 6, 'A612', 2, 1500.00, 1, 0, '2023-09-17 11:03:23', '2023-09-17 11:04:52'),
(141, 6, 'A613', 2, 1500.00, 1, 0, '2023-09-17 11:03:23', '2023-09-17 11:04:52'),
(142, 6, 'A614', 2, 1500.00, 1, 0, '2023-09-17 11:03:23', '2023-09-17 11:04:52'),
(143, 6, 'A615', 2, 1500.00, 1, 0, '2023-09-17 11:03:23', '2023-09-17 11:04:52'),
(144, 6, 'A616', 2, 1500.00, 1, 0, '2023-09-17 11:03:23', '2023-09-17 11:04:52'),
(145, 6, 'A617', 2, 1500.00, 1, 0, '2023-09-17 11:03:23', '2023-09-17 11:04:52'),
(146, 6, 'A618', 2, 1500.00, 1, 0, '2023-09-17 11:03:23', '2023-09-17 11:04:52'),
(147, 6, 'A619', 2, 1500.00, 1, 0, '2023-09-17 11:03:23', '2023-09-17 11:04:52'),
(148, 6, 'A620', 2, 1500.00, 1, 0, '2023-09-17 11:03:23', '2023-09-17 11:04:52'),
(149, 6, 'A621', 2, 1500.00, 1, 0, '2023-09-17 11:03:23', '2023-09-17 11:04:52'),
(150, 6, 'A622', 2, 1500.00, 1, 0, '2023-09-17 11:03:23', '2023-09-17 11:04:52'),
(151, 6, 'A623', 2, 1500.00, 1, 0, '2023-09-17 11:03:23', '2023-09-17 11:04:52'),
(152, 6, 'A624', 2, 1500.00, 1, 0, '2023-09-17 11:03:23', '2023-09-17 11:04:52'),
(154, 7, 'B101', 2, 1500.00, 1, 0, '2023-09-17 11:03:23', '2023-09-17 11:04:52'),
(155, 7, 'B102', 2, 1500.00, 1, 0, '2023-09-17 11:03:23', '2023-09-17 11:04:52'),
(156, 7, 'B103', 2, 1500.00, 1, 0, '2023-09-17 11:03:23', '2023-09-17 11:04:52'),
(157, 7, 'B104', 2, 1500.00, 1, 0, '2023-09-17 11:03:23', '2023-09-17 11:04:52'),
(158, 7, 'B105', 2, 1500.00, 1, 0, '2023-09-17 11:03:23', '2023-09-17 11:04:52'),
(159, 7, 'B106', 2, 1500.00, 1, 0, '2023-09-17 11:03:23', '2023-09-17 11:04:52'),
(160, 7, 'B107', 2, 1500.00, 1, 0, '2023-09-17 11:03:23', '2023-09-17 11:04:52'),
(161, 7, 'B108', 2, 1500.00, 1, 0, '2023-09-17 11:03:23', '2023-09-17 11:04:52'),
(162, 7, 'B109', 2, 1500.00, 1, 0, '2023-09-17 11:03:23', '2023-09-17 11:04:52'),
(163, 7, 'B110', 2, 1500.00, 1, 0, '2023-09-17 11:03:23', '2023-09-17 11:04:52'),
(164, 7, 'B111', 2, 1500.00, 1, 0, '2023-09-17 11:03:23', '2023-09-17 11:04:52'),
(165, 7, 'B112', 2, 1500.00, 1, 0, '2023-09-17 11:03:23', '2023-09-17 11:04:52'),
(166, 7, 'B113', 2, 1500.00, 1, 0, '2023-09-17 11:03:23', '2023-09-17 11:04:52'),
(167, 7, 'B114', 2, 1500.00, 1, 0, '2023-09-17 11:03:23', '2023-09-17 11:04:52'),
(168, 7, 'B115', 2, 1500.00, 1, 0, '2023-09-17 11:03:23', '2023-09-17 11:04:52'),
(169, 7, 'B116', 2, 1500.00, 1, 0, '2023-09-17 11:03:23', '2023-09-17 11:04:52'),
(170, 7, 'B117', 2, 1500.00, 1, 0, '2023-09-17 11:03:23', '2023-09-17 11:04:52'),
(171, 7, 'B118', 2, 1500.00, 1, 0, '2023-09-17 11:03:23', '2023-09-17 11:04:52'),
(172, 7, 'B119', 2, 1500.00, 1, 0, '2023-09-17 11:03:23', '2023-09-17 11:04:52'),
(173, 7, 'B120', 2, 1500.00, 1, 0, '2023-09-17 11:03:23', '2023-09-17 11:04:52'),
(174, 7, 'B121', 2, 1500.00, 1, 0, '2023-09-17 11:03:23', '2023-09-17 11:04:52'),
(175, 7, 'B122', 2, 1500.00, 1, 0, '2023-09-17 11:03:23', '2023-09-17 11:04:52'),
(176, 7, 'B123', 2, 1500.00, 1, 0, '2023-09-17 11:03:23', '2023-09-17 11:04:52'),
(177, 7, 'B124', 2, 1500.00, 1, 0, '2023-09-17 11:03:23', '2023-09-17 11:04:52'),
(178, 7, 'B201', 2, 1500.00, 1, 0, '2023-09-17 11:03:23', '2023-09-17 11:04:52'),
(179, 7, 'B202', 2, 1500.00, 1, 0, '2023-09-17 11:03:23', '2023-09-17 11:04:52'),
(180, 7, 'B203', 2, 1500.00, 1, 0, '2023-09-17 11:03:23', '2023-09-17 11:04:52'),
(181, 7, 'B204', 2, 1500.00, 1, 0, '2023-09-17 11:03:23', '2023-09-17 11:04:52'),
(182, 7, 'B205', 2, 1500.00, 1, 0, '2023-09-17 11:03:23', '2023-09-17 11:04:52'),
(183, 7, 'B206', 2, 1500.00, 1, 0, '2023-09-17 11:03:23', '2023-09-17 11:04:52'),
(184, 7, 'B207', 2, 1500.00, 1, 0, '2023-09-17 11:03:23', '2023-09-17 11:04:52'),
(185, 7, 'B208', 2, 1500.00, 1, 0, '2023-09-17 11:03:23', '2023-09-17 11:04:52'),
(186, 7, 'B209', 2, 1500.00, 1, 0, '2023-09-17 11:03:23', '2023-09-17 11:04:52'),
(187, 7, 'B210', 2, 1500.00, 1, 0, '2023-09-17 11:03:23', '2023-09-17 11:04:52'),
(188, 7, 'B211', 2, 1500.00, 1, 0, '2023-09-17 11:03:23', '2023-09-17 11:04:52'),
(189, 7, 'B212', 2, 1500.00, 1, 0, '2023-09-17 11:03:23', '2023-09-17 11:04:52'),
(190, 7, 'B213', 2, 1500.00, 1, 0, '2023-09-17 11:03:23', '2023-09-17 11:04:52'),
(191, 7, 'B214', 2, 1500.00, 1, 0, '2023-09-17 11:03:23', '2023-09-17 11:04:52'),
(192, 7, 'B215', 2, 1500.00, 1, 0, '2023-09-17 11:03:23', '2023-09-17 11:04:52'),
(193, 7, 'B216', 2, 1500.00, 1, 0, '2023-09-17 11:03:23', '2023-09-17 11:04:52'),
(194, 7, 'B217', 2, 1500.00, 1, 0, '2023-09-17 11:03:23', '2023-09-17 11:04:52'),
(195, 7, 'B218', 2, 1500.00, 1, 0, '2023-09-17 11:03:23', '2023-09-17 11:04:52'),
(196, 7, 'B219', 2, 1500.00, 1, 0, '2023-09-17 11:03:23', '2023-09-17 11:04:52'),
(197, 7, 'B220', 2, 1500.00, 1, 0, '2023-09-17 11:03:23', '2023-09-17 11:04:52'),
(198, 7, 'B221', 2, 1500.00, 1, 0, '2023-09-17 11:03:23', '2023-09-17 11:04:52'),
(199, 7, 'B222', 2, 1500.00, 1, 0, '2023-09-17 11:03:23', '2023-09-17 11:04:52'),
(200, 7, 'B223', 2, 1500.00, 1, 0, '2023-09-17 11:03:23', '2023-09-17 11:04:52'),
(201, 7, 'B224', 2, 1500.00, 1, 0, '2023-09-17 11:03:23', '2023-09-17 11:04:52'),
(202, 7, 'B301', 2, 1500.00, 1, 0, '2023-09-17 11:03:23', '2023-09-17 11:04:52'),
(227, 7, 'B302', 2, 1500.00, 1, 0, '2023-09-17 11:03:23', '2023-09-17 11:04:52'),
(228, 7, 'B303', 2, 1500.00, 1, 0, '2023-09-17 11:03:23', '2023-09-17 11:04:52'),
(229, 7, 'B304', 2, 1500.00, 1, 0, '2023-09-17 11:03:23', '2023-09-17 11:04:52'),
(230, 7, 'B305', 2, 1500.00, 1, 0, '2023-09-17 11:03:23', '2023-09-17 11:04:52'),
(231, 7, 'B306', 2, 1500.00, 1, 0, '2023-09-17 11:03:23', '2023-09-17 11:04:52'),
(232, 7, 'B307', 2, 1500.00, 1, 0, '2023-09-17 11:03:23', '2023-09-17 11:04:52'),
(233, 7, 'B308', 2, 1500.00, 1, 0, '2023-09-17 11:03:23', '2023-09-17 11:04:52'),
(234, 7, 'B309', 2, 1500.00, 1, 0, '2023-09-17 11:03:23', '2023-09-17 11:04:52'),
(235, 7, 'B310', 2, 1500.00, 1, 0, '2023-09-17 11:03:23', '2023-09-17 11:04:52'),
(236, 7, 'B311', 2, 1500.00, 1, 0, '2023-09-17 11:03:23', '2023-09-17 11:04:52'),
(237, 7, 'B312', 2, 1500.00, 1, 0, '2023-09-17 11:03:23', '2023-09-17 11:04:52'),
(238, 7, 'B313', 2, 1500.00, 1, 0, '2023-09-17 11:03:23', '2023-09-17 11:04:52'),
(239, 7, 'B314', 2, 1500.00, 1, 0, '2023-09-17 11:03:23', '2023-09-17 11:04:52'),
(240, 7, 'B315', 2, 1500.00, 1, 0, '2023-09-17 11:03:23', '2023-09-17 11:04:52'),
(241, 7, 'B316', 2, 1500.00, 1, 0, '2023-09-17 11:03:23', '2023-09-17 11:04:52'),
(242, 7, 'B317', 2, 1500.00, 1, 0, '2023-09-17 11:03:23', '2023-09-17 11:04:52'),
(243, 7, 'B318', 2, 1500.00, 1, 0, '2023-09-17 11:03:23', '2023-09-17 11:04:52'),
(244, 7, 'B319', 2, 1500.00, 1, 0, '2023-09-17 11:03:23', '2023-09-17 11:04:52'),
(245, 7, 'B320', 2, 1500.00, 1, 0, '2023-09-17 11:03:23', '2023-09-17 11:04:52'),
(246, 7, 'B321', 2, 1500.00, 1, 0, '2023-09-17 11:03:23', '2023-09-17 11:04:52'),
(247, 7, 'B322', 2, 1500.00, 1, 0, '2023-09-17 11:03:23', '2023-09-17 11:04:52'),
(248, 7, 'B323', 2, 1500.00, 1, 0, '2023-09-17 11:03:23', '2023-09-17 11:04:52'),
(249, 7, 'B324', 2, 1500.00, 1, 0, '2023-09-17 11:03:23', '2023-09-17 11:04:52'),
(250, 7, 'B401', 2, 1500.00, 1, 0, '2023-09-17 11:03:23', '2023-09-17 11:04:52'),
(251, 7, 'B402', 2, 1500.00, 1, 0, '2023-09-17 11:03:23', '2023-09-17 11:04:52'),
(252, 7, 'B403', 2, 1500.00, 1, 0, '2023-09-17 11:03:23', '2023-09-17 11:04:52'),
(253, 7, 'B404', 2, 1500.00, 1, 0, '2023-09-17 11:03:23', '2023-09-17 11:04:52'),
(254, 7, 'B405', 2, 1500.00, 1, 0, '2023-09-17 11:03:23', '2023-09-17 11:04:52'),
(255, 7, 'B406', 2, 1500.00, 1, 0, '2023-09-17 11:03:23', '2023-09-17 11:04:52'),
(256, 7, 'B407', 2, 1500.00, 1, 0, '2023-09-17 11:03:23', '2023-09-17 11:04:52'),
(257, 7, 'B408', 2, 1500.00, 1, 0, '2023-09-17 11:03:23', '2023-09-17 11:04:52'),
(258, 7, 'B409', 2, 1500.00, 1, 0, '2023-09-17 11:03:23', '2023-09-17 11:04:52'),
(259, 7, 'B410', 2, 1500.00, 1, 0, '2023-09-17 11:03:23', '2023-09-17 11:04:52'),
(260, 7, 'B411', 2, 1500.00, 1, 0, '2023-09-17 11:03:23', '2023-09-17 11:04:52'),
(261, 7, 'B412', 2, 1500.00, 1, 0, '2023-09-17 11:03:23', '2023-09-17 11:04:52'),
(262, 7, 'B413', 2, 1500.00, 1, 0, '2023-09-17 11:03:23', '2023-09-17 11:04:52'),
(263, 7, 'B414', 2, 1500.00, 1, 0, '2023-09-17 11:03:23', '2023-09-17 11:04:52'),
(264, 7, 'B415', 2, 1500.00, 1, 0, '2023-09-17 11:03:23', '2023-09-17 11:04:52'),
(265, 7, 'B416', 2, 1500.00, 1, 0, '2023-09-17 11:03:23', '2023-09-17 11:04:52'),
(266, 7, 'B417', 2, 1500.00, 1, 0, '2023-09-17 11:03:23', '2023-09-17 11:04:52'),
(267, 7, 'B418', 2, 1500.00, 1, 0, '2023-09-17 11:03:23', '2023-09-17 11:04:52'),
(268, 7, 'B419', 2, 1500.00, 1, 0, '2023-09-17 11:03:23', '2023-09-17 11:04:52'),
(269, 7, 'B420', 2, 1500.00, 1, 0, '2023-09-17 11:03:23', '2023-09-17 11:04:52'),
(270, 7, 'B421', 2, 1500.00, 1, 0, '2023-09-17 11:03:23', '2023-09-17 11:04:52'),
(271, 7, 'B422', 2, 1500.00, 1, 0, '2023-09-17 11:03:23', '2023-09-17 11:04:52'),
(272, 7, 'B423', 2, 1500.00, 1, 0, '2023-09-17 11:03:23', '2023-09-17 11:04:52'),
(273, 7, 'B424', 2, 1500.00, 1, 0, '2023-09-17 11:03:23', '2023-09-17 11:04:52'),
(274, 7, 'B501', 2, 1500.00, 1, 0, '2023-09-17 11:03:23', '2023-09-17 11:04:52'),
(275, 7, 'B502', 2, 1500.00, 1, 0, '2023-09-17 11:03:23', '2023-09-17 11:04:52'),
(276, 7, 'B503', 2, 1500.00, 1, 0, '2023-09-17 11:03:23', '2023-09-17 11:04:52'),
(277, 7, 'B504', 2, 1500.00, 1, 0, '2023-09-17 11:03:23', '2023-09-17 11:04:52'),
(278, 7, 'B505', 2, 1500.00, 1, 0, '2023-09-17 11:03:23', '2023-09-17 11:04:52'),
(279, 7, 'B506', 2, 1500.00, 1, 0, '2023-09-17 11:03:23', '2023-09-17 11:04:52'),
(280, 7, 'B507', 2, 1500.00, 1, 0, '2023-09-17 11:03:23', '2023-09-17 11:04:52'),
(281, 7, 'B508', 2, 1500.00, 1, 0, '2023-09-17 11:03:23', '2023-09-17 11:04:52'),
(282, 7, 'B509', 2, 1500.00, 1, 0, '2023-09-17 11:03:23', '2023-09-17 11:04:52'),
(283, 7, 'B510', 2, 1500.00, 1, 0, '2023-09-17 11:03:23', '2023-09-17 11:04:52'),
(284, 7, 'B511', 2, 1500.00, 1, 0, '2023-09-17 11:03:23', '2023-09-17 11:04:52'),
(285, 7, 'B512', 2, 1500.00, 1, 0, '2023-09-17 11:03:23', '2023-09-17 11:04:52'),
(286, 7, 'B513', 2, 1500.00, 1, 0, '2023-09-17 11:03:23', '2023-09-17 11:04:52'),
(287, 7, 'B514', 2, 1500.00, 1, 0, '2023-09-17 11:03:23', '2023-09-17 11:04:52'),
(288, 7, 'B515', 2, 1500.00, 1, 0, '2023-09-17 11:03:23', '2023-09-17 11:04:52'),
(289, 7, 'B516', 2, 1500.00, 1, 0, '2023-09-17 11:03:23', '2023-09-17 11:04:52'),
(290, 7, 'B517', 2, 1500.00, 1, 0, '2023-09-17 11:03:23', '2023-09-17 11:04:52'),
(291, 7, 'B518', 2, 1500.00, 1, 0, '2023-09-17 11:03:23', '2023-09-17 11:04:52'),
(292, 7, 'B519', 2, 1500.00, 1, 0, '2023-09-17 11:03:23', '2023-09-17 11:04:52'),
(293, 7, 'B520', 2, 1500.00, 1, 0, '2023-09-17 11:03:23', '2023-09-17 11:04:52'),
(294, 7, 'B521', 2, 1500.00, 1, 0, '2023-09-17 11:03:23', '2023-09-17 11:04:52'),
(295, 7, 'B522', 2, 1500.00, 1, 0, '2023-09-17 11:03:23', '2023-09-17 11:04:52'),
(296, 7, 'B523', 2, 1500.00, 1, 0, '2023-09-17 11:03:23', '2023-09-17 11:04:52'),
(297, 7, 'B524', 2, 1500.00, 1, 0, '2023-09-17 11:03:23', '2023-09-17 11:04:52'),
(298, 7, 'B601', 2, 1500.00, 1, 0, '2023-09-17 11:03:23', '2023-09-17 11:04:52'),
(299, 7, 'B602', 2, 1500.00, 1, 0, '2023-09-17 11:03:23', '2023-09-17 11:04:52'),
(300, 7, 'B603', 2, 1500.00, 1, 0, '2023-09-17 11:03:23', '2023-09-17 11:04:52'),
(301, 7, 'B604', 2, 1500.00, 1, 0, '2023-09-17 11:03:23', '2023-09-17 11:04:52'),
(302, 7, 'B605', 2, 1500.00, 1, 0, '2023-09-17 11:03:23', '2023-09-17 11:04:52'),
(303, 7, 'B606', 2, 1500.00, 1, 0, '2023-09-17 11:03:23', '2023-09-17 11:04:52'),
(304, 7, 'B607', 2, 1500.00, 1, 0, '2023-09-17 11:03:23', '2023-09-17 11:04:52'),
(305, 7, 'B608', 2, 1500.00, 1, 0, '2023-09-17 11:03:23', '2023-09-17 11:04:52'),
(306, 7, 'B609', 2, 1500.00, 1, 0, '2023-09-17 11:03:23', '2023-09-17 11:04:52'),
(307, 7, 'B610', 2, 1500.00, 1, 0, '2023-09-17 11:03:23', '2023-09-17 11:04:52'),
(308, 7, 'B611', 2, 1500.00, 1, 0, '2023-09-17 11:03:23', '2023-09-17 11:04:52'),
(309, 7, 'B612', 2, 1500.00, 1, 0, '2023-09-17 11:03:23', '2023-09-17 11:04:52'),
(310, 7, 'B613', 2, 1500.00, 1, 0, '2023-09-17 11:03:23', '2023-09-17 11:04:52'),
(311, 7, 'B614', 2, 1500.00, 1, 0, '2023-09-17 11:03:23', '2023-09-17 11:04:52'),
(312, 7, 'B615', 2, 1500.00, 1, 0, '2023-09-17 11:03:23', '2023-09-17 11:04:52'),
(313, 7, 'B616', 2, 1500.00, 1, 0, '2023-09-17 11:03:23', '2023-09-17 11:04:52'),
(314, 7, 'B617', 2, 1500.00, 1, 0, '2023-09-17 11:03:23', '2023-09-17 11:04:52'),
(315, 7, 'B618', 2, 1500.00, 1, 0, '2023-09-17 11:03:23', '2023-09-17 11:04:52'),
(316, 7, 'B619', 2, 1500.00, 1, 0, '2023-09-17 11:03:23', '2023-09-17 11:04:52'),
(317, 7, 'B620', 2, 1500.00, 1, 0, '2023-09-17 11:03:23', '2023-09-17 11:04:52'),
(318, 7, 'B621', 2, 1500.00, 1, 0, '2023-09-17 11:03:23', '2023-09-17 11:04:52'),
(319, 7, 'B622', 2, 1500.00, 1, 0, '2023-09-17 11:03:23', '2023-09-17 11:04:52'),
(320, 7, 'B623', 2, 1500.00, 1, 0, '2023-09-17 11:03:23', '2023-09-17 11:04:52'),
(321, 7, 'B624', 2, 1500.00, 1, 0, '2023-09-17 11:03:23', '2023-09-17 11:04:52'),
(322, 8, 'C101', 2, 1500.00, 1, 0, '2023-09-17 11:03:23', '2023-09-17 11:04:52'),
(323, 8, 'C102', 2, 1500.00, 1, 0, '2023-09-17 11:03:23', '2023-09-17 11:04:52'),
(324, 8, 'C103', 2, 1500.00, 1, 0, '2023-09-17 11:03:23', '2023-09-17 11:04:52'),
(325, 8, 'C104', 2, 1500.00, 1, 0, '2023-09-17 11:03:23', '2023-09-17 11:04:52'),
(326, 8, 'C105', 2, 1500.00, 1, 0, '2023-09-17 11:03:23', '2023-09-17 11:04:52'),
(327, 8, 'C106', 2, 1500.00, 1, 0, '2023-09-17 11:03:23', '2023-09-17 11:04:52'),
(328, 8, 'C107', 2, 1500.00, 1, 0, '2023-09-17 11:03:23', '2023-09-17 11:04:52'),
(329, 8, 'C108', 2, 1500.00, 1, 0, '2023-09-17 11:03:23', '2023-09-17 11:04:52'),
(330, 8, 'C109', 2, 1500.00, 1, 0, '2023-09-17 11:03:23', '2023-09-17 11:04:52'),
(331, 8, 'C110', 2, 1500.00, 1, 0, '2023-09-17 11:03:23', '2023-09-17 11:04:52'),
(332, 8, 'C111', 2, 1500.00, 1, 0, '2023-09-17 11:03:23', '2023-09-17 11:04:52'),
(333, 8, 'C112', 2, 1500.00, 1, 0, '2023-09-17 11:03:23', '2023-09-17 11:04:52'),
(334, 8, 'C113', 2, 1500.00, 1, 0, '2023-09-17 11:03:23', '2023-09-17 11:04:52'),
(335, 8, 'C114', 2, 1500.00, 1, 0, '2023-09-17 11:03:23', '2023-09-17 11:04:52'),
(336, 8, 'C115', 2, 1500.00, 1, 0, '2023-09-17 11:03:23', '2023-09-17 11:04:52'),
(337, 8, 'C116', 2, 1500.00, 1, 0, '2023-09-17 11:03:23', '2023-09-17 11:04:52'),
(338, 8, 'C117', 2, 1500.00, 1, 0, '2023-09-17 11:03:23', '2023-09-17 11:04:52'),
(339, 8, 'C118', 2, 1500.00, 1, 0, '2023-09-17 11:03:23', '2023-09-17 11:04:52'),
(340, 8, 'C119', 2, 1500.00, 1, 0, '2023-09-17 11:03:23', '2023-09-17 11:04:52'),
(341, 8, 'C120', 2, 1500.00, 1, 0, '2023-09-17 11:03:23', '2023-09-17 11:04:52'),
(342, 8, 'C121', 2, 1500.00, 1, 0, '2023-09-17 11:03:23', '2023-09-17 11:04:52'),
(343, 8, 'C122', 2, 1500.00, 1, 0, '2023-09-17 11:03:23', '2023-09-17 11:04:52'),
(344, 8, 'C123', 2, 1500.00, 1, 0, '2023-09-17 11:03:23', '2023-09-17 11:04:52'),
(345, 8, 'C124', 2, 1500.00, 1, 0, '2023-09-17 11:03:23', '2023-09-17 11:04:52'),
(346, 8, 'C201', 2, 1500.00, 1, 0, '2023-09-17 11:03:23', '2023-09-17 11:04:52'),
(347, 8, 'C202', 2, 1500.00, 1, 0, '2023-09-17 11:03:23', '2023-09-17 11:04:52'),
(348, 8, 'C203', 2, 1500.00, 1, 0, '2023-09-17 11:03:23', '2023-09-17 11:04:52'),
(349, 8, 'C204', 2, 1500.00, 1, 0, '2023-09-17 11:03:23', '2023-09-17 11:04:52'),
(350, 8, 'C205', 2, 1500.00, 1, 0, '2023-09-17 11:03:23', '2023-09-17 11:04:52'),
(351, 8, 'C206', 2, 1500.00, 1, 0, '2023-09-17 11:03:23', '2023-09-17 11:04:52'),
(352, 8, 'C207', 2, 1500.00, 1, 0, '2023-09-17 11:03:23', '2023-09-17 11:04:52'),
(353, 8, 'C208', 2, 1500.00, 1, 0, '2023-09-17 11:03:23', '2023-09-17 11:04:52'),
(354, 8, 'C209', 2, 1500.00, 1, 0, '2023-09-17 11:03:23', '2023-09-17 11:04:52'),
(355, 8, 'C210', 2, 1500.00, 1, 0, '2023-09-17 11:03:23', '2023-09-17 11:04:52'),
(356, 8, 'C211', 2, 1500.00, 1, 0, '2023-09-17 11:03:23', '2023-09-17 11:04:52'),
(357, 8, 'C212', 2, 1500.00, 1, 0, '2023-09-17 11:03:23', '2023-09-17 11:04:52'),
(358, 8, 'C213', 2, 1500.00, 1, 0, '2023-09-17 11:03:23', '2023-09-17 11:04:52'),
(359, 8, 'C214', 2, 1500.00, 1, 0, '2023-09-17 11:03:23', '2023-09-17 11:04:52'),
(360, 8, 'C215', 2, 1500.00, 1, 0, '2023-09-17 11:03:23', '2023-09-17 11:04:52'),
(361, 8, 'C216', 2, 1500.00, 1, 0, '2023-09-17 11:03:23', '2023-09-17 11:04:52'),
(362, 8, 'C217', 2, 1500.00, 1, 0, '2023-09-17 11:03:23', '2023-09-17 11:04:52'),
(363, 8, 'C218', 2, 1500.00, 1, 0, '2023-09-17 11:03:23', '2023-09-17 11:04:52'),
(364, 8, 'C219', 2, 1500.00, 1, 0, '2023-09-17 11:03:23', '2023-09-17 11:04:52'),
(365, 8, 'C220', 2, 1500.00, 1, 0, '2023-09-17 11:03:23', '2023-09-17 11:04:52'),
(366, 8, 'C221', 2, 1500.00, 1, 0, '2023-09-17 11:03:23', '2023-09-17 11:04:52'),
(367, 8, 'C222', 2, 1500.00, 1, 0, '2023-09-17 11:03:23', '2023-09-17 11:04:52'),
(368, 8, 'C223', 2, 1500.00, 1, 0, '2023-09-17 11:03:23', '2023-09-17 11:04:52'),
(369, 8, 'C224', 2, 1500.00, 1, 0, '2023-09-17 11:03:23', '2023-09-17 11:04:52'),
(370, 8, 'C301', 2, 1500.00, 1, 0, '2023-09-17 11:03:23', '2023-09-17 11:04:52'),
(371, 8, 'C302', 2, 1500.00, 1, 0, '2023-09-17 11:03:23', '2023-09-17 11:04:52'),
(372, 8, 'C303', 2, 1500.00, 1, 0, '2023-09-17 11:03:23', '2023-09-17 11:04:52'),
(373, 8, 'C304', 2, 1500.00, 1, 0, '2023-09-17 11:03:23', '2023-09-17 11:04:52'),
(374, 8, 'C305', 2, 1500.00, 1, 0, '2023-09-17 11:03:23', '2023-09-17 11:04:52'),
(375, 8, 'C306', 2, 1500.00, 1, 0, '2023-09-17 11:03:23', '2023-09-17 11:04:52'),
(376, 8, 'C307', 2, 1500.00, 1, 0, '2023-09-17 11:03:23', '2023-09-17 11:04:52'),
(377, 8, 'C308', 2, 1500.00, 1, 0, '2023-09-17 11:03:23', '2023-09-17 11:04:52'),
(378, 8, 'C309', 2, 1500.00, 1, 0, '2023-09-17 11:03:23', '2023-09-17 11:04:52'),
(379, 8, 'C310', 2, 1500.00, 1, 0, '2023-09-17 11:03:23', '2023-09-17 11:04:52'),
(380, 8, 'C311', 2, 1500.00, 1, 0, '2023-09-17 11:03:23', '2023-09-17 11:04:52'),
(381, 8, 'C312', 2, 1500.00, 1, 0, '2023-09-17 11:03:23', '2023-09-17 11:04:52'),
(382, 8, 'C313', 2, 1500.00, 1, 0, '2023-09-17 11:03:23', '2023-09-17 11:04:52'),
(383, 8, 'C314', 2, 1500.00, 1, 0, '2023-09-17 11:03:23', '2023-09-17 11:04:52'),
(384, 8, 'C315', 2, 1500.00, 1, 0, '2023-09-17 11:03:23', '2023-09-17 11:04:52'),
(385, 8, 'C316', 2, 1500.00, 1, 0, '2023-09-17 11:03:23', '2023-09-17 11:04:52'),
(386, 8, 'C317', 2, 1500.00, 1, 0, '2023-09-17 11:03:23', '2023-09-17 11:04:52'),
(387, 8, 'C318', 2, 1500.00, 1, 0, '2023-09-17 11:03:23', '2023-09-17 11:04:52'),
(388, 8, 'C319', 2, 1500.00, 1, 0, '2023-09-17 11:03:23', '2023-09-17 11:04:52'),
(389, 8, 'C320', 2, 1500.00, 1, 0, '2023-09-17 11:03:23', '2023-09-17 11:04:52'),
(390, 8, 'C321', 2, 1500.00, 1, 0, '2023-09-17 11:03:23', '2023-09-17 11:04:52'),
(391, 8, 'C322', 2, 1500.00, 1, 0, '2023-09-17 11:03:23', '2023-09-17 11:04:52'),
(392, 8, 'C323', 2, 1500.00, 1, 0, '2023-09-17 11:03:23', '2023-09-17 11:04:52'),
(393, 8, 'C324', 2, 1500.00, 1, 0, '2023-09-17 11:03:23', '2023-09-17 11:04:52'),
(394, 8, 'C401', 2, 1500.00, 1, 0, '2023-09-17 11:03:23', '2023-09-17 11:04:52'),
(395, 8, 'C402', 2, 1500.00, 1, 0, '2023-09-17 11:03:23', '2023-09-17 11:04:52'),
(396, 8, 'C403', 2, 1500.00, 1, 0, '2023-09-17 11:03:23', '2023-09-17 11:04:52'),
(397, 8, 'C404', 2, 1500.00, 1, 0, '2023-09-17 11:03:23', '2023-09-17 11:04:52'),
(398, 8, 'C405', 2, 1500.00, 1, 0, '2023-09-17 11:03:23', '2023-09-17 11:04:52'),
(399, 8, 'C406', 2, 1500.00, 1, 0, '2023-09-17 11:03:23', '2023-09-17 11:04:52'),
(400, 8, 'C407', 2, 1500.00, 1, 0, '2023-09-17 11:03:23', '2023-09-17 11:04:52'),
(401, 8, 'C408', 2, 1500.00, 1, 0, '2023-09-17 11:03:23', '2023-09-17 11:04:52'),
(402, 8, 'C409', 2, 1500.00, 1, 0, '2023-09-17 11:03:23', '2023-09-17 11:04:52'),
(403, 8, 'C410', 2, 1500.00, 1, 0, '2023-09-17 11:03:23', '2023-09-17 11:04:52'),
(404, 8, 'C411', 2, 1500.00, 1, 0, '2023-09-17 11:03:23', '2023-09-17 11:04:52'),
(405, 8, 'C412', 2, 1500.00, 1, 0, '2023-09-17 11:03:23', '2023-09-17 11:04:52'),
(406, 8, 'C413', 2, 1500.00, 1, 0, '2023-09-17 11:03:23', '2023-09-17 11:04:52'),
(407, 8, 'C414', 2, 1500.00, 1, 0, '2023-09-17 11:03:23', '2023-09-17 11:04:52'),
(408, 8, 'C415', 2, 1500.00, 1, 0, '2023-09-17 11:03:23', '2023-09-17 11:04:52'),
(409, 8, 'C416', 2, 1500.00, 1, 0, '2023-09-17 11:03:23', '2023-09-17 11:04:52'),
(410, 8, 'C417', 2, 1500.00, 1, 0, '2023-09-17 11:03:23', '2023-09-17 11:04:52'),
(411, 8, 'C418', 2, 1500.00, 1, 0, '2023-09-17 11:03:23', '2023-09-17 11:04:52'),
(412, 8, 'C419', 2, 1500.00, 1, 0, '2023-09-17 11:03:23', '2023-09-17 11:04:52'),
(413, 8, 'C420', 2, 1500.00, 1, 0, '2023-09-17 11:03:23', '2023-09-17 11:04:52'),
(414, 8, 'C421', 2, 1500.00, 1, 0, '2023-09-17 11:03:23', '2023-09-17 11:04:52'),
(415, 8, 'C422', 2, 1500.00, 1, 0, '2023-09-17 11:03:23', '2023-09-17 11:04:52'),
(416, 8, 'C423', 2, 1500.00, 1, 0, '2023-09-17 11:03:23', '2023-09-17 11:04:52'),
(417, 8, 'C424', 2, 1500.00, 1, 0, '2023-09-17 11:03:23', '2023-09-17 11:04:52'),
(418, 8, 'C501', 2, 1500.00, 1, 0, '2023-09-17 11:03:23', '2023-09-17 11:04:52'),
(419, 8, 'C502', 2, 1500.00, 1, 0, '2023-09-17 11:03:23', '2023-09-17 11:04:52'),
(420, 8, 'C503', 2, 1500.00, 1, 0, '2023-09-17 11:03:23', '2023-09-17 11:04:52'),
(421, 8, 'C504', 2, 1500.00, 1, 0, '2023-09-17 11:03:23', '2023-09-17 11:04:52'),
(422, 8, 'C505', 2, 1500.00, 1, 0, '2023-09-17 11:03:23', '2023-09-17 11:04:52'),
(423, 8, 'C506', 2, 1500.00, 1, 0, '2023-09-17 11:03:23', '2023-09-17 11:04:52'),
(424, 8, 'C507', 2, 1500.00, 1, 0, '2023-09-17 11:03:23', '2023-09-17 11:04:52'),
(425, 8, 'C508', 2, 1500.00, 1, 0, '2023-09-17 11:03:23', '2023-09-17 11:04:52'),
(426, 8, 'C509', 2, 1500.00, 1, 0, '2023-09-17 11:03:23', '2023-09-17 11:04:52'),
(427, 8, 'C510', 2, 1500.00, 1, 0, '2023-09-17 11:03:23', '2023-09-17 11:04:52'),
(428, 8, 'C511', 2, 1500.00, 1, 0, '2023-09-17 11:03:23', '2023-09-17 11:04:52'),
(429, 8, 'C512', 2, 1500.00, 1, 0, '2023-09-17 11:03:23', '2023-09-17 11:04:52'),
(430, 8, 'C513', 2, 1500.00, 1, 0, '2023-09-17 11:03:23', '2023-09-17 11:04:52'),
(431, 8, 'C514', 2, 1500.00, 1, 0, '2023-09-17 11:03:23', '2023-09-17 11:04:52'),
(432, 8, 'C515', 2, 1500.00, 1, 0, '2023-09-17 11:03:23', '2023-09-17 11:04:52'),
(433, 8, 'C516', 2, 1500.00, 1, 0, '2023-09-17 11:03:23', '2023-09-17 11:04:52'),
(434, 8, 'C517', 2, 1500.00, 1, 0, '2023-09-17 11:03:23', '2023-09-17 11:04:52'),
(435, 8, 'C518', 2, 1500.00, 1, 0, '2023-09-17 11:03:23', '2023-09-17 11:04:52'),
(436, 8, 'C519', 2, 1500.00, 1, 0, '2023-09-17 11:03:23', '2023-09-17 11:04:52'),
(437, 8, 'C520', 2, 1500.00, 1, 0, '2023-09-17 11:03:23', '2023-09-17 11:04:52'),
(438, 8, 'C521', 2, 1500.00, 1, 0, '2023-09-17 11:03:23', '2023-09-17 11:04:52'),
(439, 8, 'C522', 2, 1500.00, 1, 0, '2023-09-17 11:03:23', '2023-09-17 11:04:52'),
(440, 8, 'C523', 2, 1500.00, 1, 0, '2023-09-17 11:03:23', '2023-09-17 11:04:52'),
(441, 8, 'C524', 2, 1500.00, 1, 0, '2023-09-17 11:03:23', '2023-09-17 11:04:52'),
(442, 8, 'C601', 2, 1500.00, 1, 0, '2023-09-17 11:03:23', '2023-09-17 11:04:52'),
(443, 8, 'C602', 2, 1500.00, 1, 0, '2023-09-17 11:03:23', '2023-09-17 11:04:52'),
(444, 8, 'C603', 2, 1500.00, 1, 0, '2023-09-17 11:03:23', '2023-09-17 11:04:52'),
(445, 8, 'C604', 2, 1500.00, 1, 0, '2023-09-17 11:03:23', '2023-09-17 11:04:52'),
(446, 8, 'C605', 2, 1500.00, 1, 0, '2023-09-17 11:03:23', '2023-09-17 11:04:52'),
(447, 8, 'C606', 2, 1500.00, 1, 0, '2023-09-17 11:03:23', '2023-09-17 11:04:52'),
(448, 8, 'C607', 2, 1500.00, 1, 0, '2023-09-17 11:03:23', '2023-09-17 11:04:52'),
(449, 8, 'C608', 2, 1500.00, 1, 0, '2023-09-17 11:03:23', '2023-09-17 11:04:52'),
(450, 8, 'C609', 2, 1500.00, 1, 0, '2023-09-17 11:03:23', '2023-09-17 11:04:52'),
(451, 8, 'C610', 2, 1500.00, 1, 0, '2023-09-17 11:03:23', '2023-09-17 11:04:52'),
(452, 8, 'C611', 2, 1500.00, 1, 0, '2023-09-17 11:03:23', '2023-09-17 11:04:52'),
(453, 8, 'C612', 2, 1500.00, 1, 0, '2023-09-17 11:03:23', '2023-09-17 11:04:52'),
(454, 8, 'C613', 2, 1500.00, 1, 0, '2023-09-17 11:03:23', '2023-09-17 11:04:52'),
(455, 8, 'C614', 2, 1500.00, 1, 0, '2023-09-17 11:03:23', '2023-09-17 11:04:52'),
(456, 8, 'C615', 2, 1500.00, 1, 0, '2023-09-17 11:03:23', '2023-09-17 11:04:52'),
(457, 8, 'C616', 2, 1500.00, 1, 0, '2023-09-17 11:03:23', '2023-09-17 11:04:52'),
(458, 8, 'C617', 2, 1500.00, 1, 0, '2023-09-17 11:03:23', '2023-09-17 11:04:52'),
(459, 8, 'C618', 2, 1500.00, 1, 0, '2023-09-17 11:03:23', '2023-09-17 11:04:52'),
(460, 8, 'C619', 2, 1500.00, 1, 0, '2023-09-17 11:03:23', '2023-09-17 11:04:52'),
(461, 8, 'C620', 2, 1500.00, 1, 0, '2023-09-17 11:03:23', '2023-09-17 11:04:52'),
(462, 8, 'C621', 2, 1500.00, 1, 0, '2023-09-17 11:03:23', '2023-09-17 11:04:52'),
(463, 8, 'C622', 2, 1500.00, 1, 0, '2023-09-17 11:03:23', '2023-09-17 11:04:52'),
(464, 8, 'C623', 2, 1500.00, 1, 0, '2023-09-17 11:03:23', '2023-09-17 11:04:52'),
(465, 8, 'C624', 2, 1500.00, 1, 0, '2023-09-17 11:03:23', '2023-09-17 11:04:52'),
(466, 9, 'D101', 2, 1500.00, 1, 0, '2023-09-17 11:03:23', '2023-09-17 11:04:52'),
(467, 9, 'D102', 2, 1500.00, 1, 0, '2023-09-17 11:03:23', '2023-09-17 11:04:52'),
(468, 9, 'D103', 2, 1500.00, 1, 0, '2023-09-17 11:03:23', '2023-09-17 11:04:52'),
(469, 9, 'D104', 2, 1500.00, 1, 0, '2023-09-17 11:03:23', '2023-09-17 11:04:52'),
(470, 9, 'D105', 2, 1500.00, 1, 0, '2023-09-17 11:03:23', '2023-09-17 11:04:52'),
(471, 9, 'D106', 2, 1500.00, 1, 0, '2023-09-17 11:03:23', '2023-09-17 11:04:52'),
(472, 9, 'D107', 2, 1500.00, 1, 0, '2023-09-17 11:03:23', '2023-09-17 11:04:52'),
(473, 9, 'D108', 2, 1500.00, 1, 0, '2023-09-17 11:03:23', '2023-09-17 11:04:52'),
(474, 9, 'D109', 2, 1500.00, 1, 0, '2023-09-17 11:03:23', '2023-09-17 11:04:52'),
(475, 9, 'D110', 2, 1500.00, 1, 0, '2023-09-17 11:03:23', '2023-09-17 11:04:52'),
(476, 9, 'D111', 2, 1500.00, 1, 0, '2023-09-17 11:03:23', '2023-09-17 11:04:52'),
(477, 9, 'D112', 2, 1500.00, 1, 0, '2023-09-17 11:03:23', '2023-09-17 11:04:52'),
(478, 9, 'D113', 2, 1500.00, 1, 0, '2023-09-17 11:03:23', '2023-09-17 11:04:52'),
(479, 9, 'D114', 2, 1500.00, 1, 0, '2023-09-17 11:03:23', '2023-09-17 11:04:52'),
(480, 9, 'D115', 2, 1500.00, 1, 0, '2023-09-17 11:03:23', '2023-09-17 11:04:52'),
(481, 9, 'D116', 2, 1500.00, 1, 0, '2023-09-17 11:03:23', '2023-09-17 11:04:52'),
(482, 9, 'D117', 2, 1500.00, 1, 0, '2023-09-17 11:03:23', '2023-09-17 11:04:52'),
(483, 9, 'D118', 2, 1500.00, 1, 0, '2023-09-17 11:03:23', '2023-09-17 11:04:52'),
(484, 9, 'D119', 2, 1500.00, 1, 0, '2023-09-17 11:03:23', '2023-09-17 11:04:52'),
(485, 9, 'D120', 2, 1500.00, 1, 0, '2023-09-17 11:03:23', '2023-09-17 11:04:52'),
(486, 9, 'D121', 2, 1500.00, 1, 0, '2023-09-17 11:03:23', '2023-09-17 11:04:52'),
(487, 9, 'D122', 2, 1500.00, 1, 0, '2023-09-17 11:03:23', '2023-09-17 11:04:52'),
(488, 9, 'D123', 2, 1500.00, 1, 0, '2023-09-17 11:03:23', '2023-09-17 11:04:52'),
(489, 9, 'D124', 2, 1500.00, 1, 0, '2023-09-17 11:03:23', '2023-09-17 11:04:52'),
(490, 9, 'D201', 2, 1500.00, 1, 0, '2023-09-17 11:03:23', '2023-09-17 11:04:52'),
(491, 9, 'D202', 2, 1500.00, 1, 0, '2023-09-17 11:03:23', '2023-09-17 11:04:52'),
(492, 9, 'D203', 2, 1500.00, 1, 0, '2023-09-17 11:03:23', '2023-09-17 11:04:52'),
(493, 9, 'D204', 2, 1500.00, 1, 0, '2023-09-17 11:03:23', '2023-09-17 11:04:52'),
(494, 9, 'D205', 2, 1500.00, 1, 0, '2023-09-17 11:03:23', '2023-09-17 11:04:52'),
(495, 9, 'D206', 2, 1500.00, 1, 0, '2023-09-17 11:03:23', '2023-09-17 11:04:52'),
(496, 9, 'D207', 2, 1500.00, 1, 0, '2023-09-17 11:03:23', '2023-09-17 11:04:52'),
(497, 9, 'D208', 2, 1500.00, 1, 0, '2023-09-17 11:03:23', '2023-09-17 11:04:52'),
(498, 9, 'D209', 2, 1500.00, 1, 0, '2023-09-17 11:03:23', '2023-09-17 11:04:52'),
(499, 9, 'D210', 2, 1500.00, 1, 0, '2023-09-17 11:03:23', '2023-09-17 11:04:52'),
(500, 9, 'D211', 2, 1500.00, 1, 0, '2023-09-17 11:03:23', '2023-09-17 11:04:52'),
(501, 9, 'D212', 2, 1500.00, 1, 0, '2023-09-17 11:03:23', '2023-09-17 11:04:52'),
(502, 9, 'D213', 2, 1500.00, 1, 0, '2023-09-17 11:03:23', '2023-09-17 11:04:52'),
(503, 9, 'D214', 2, 1500.00, 1, 0, '2023-09-17 11:03:23', '2023-09-17 11:04:52'),
(504, 9, 'D215', 2, 1500.00, 1, 0, '2023-09-17 11:03:23', '2023-09-17 11:04:52'),
(505, 9, 'D216', 2, 1500.00, 1, 0, '2023-09-17 11:03:23', '2023-09-17 11:04:52'),
(506, 9, 'D217', 2, 1500.00, 1, 0, '2023-09-17 11:03:23', '2023-09-17 11:04:52'),
(507, 9, 'D218', 2, 1500.00, 1, 0, '2023-09-17 11:03:23', '2023-09-17 11:04:52'),
(508, 9, 'D219', 2, 1500.00, 1, 0, '2023-09-17 11:03:23', '2023-09-17 11:04:52'),
(509, 9, 'D220', 2, 1500.00, 1, 0, '2023-09-17 11:03:23', '2023-09-17 11:04:52'),
(510, 9, 'D221', 2, 1500.00, 1, 0, '2023-09-17 11:03:23', '2023-09-17 11:04:52'),
(511, 9, 'D222', 2, 1500.00, 1, 0, '2023-09-17 11:03:23', '2023-09-17 11:04:52'),
(512, 9, 'D223', 2, 1500.00, 1, 0, '2023-09-17 11:03:23', '2023-09-17 11:04:52'),
(513, 9, 'D224', 2, 1500.00, 1, 0, '2023-09-17 11:03:23', '2023-09-17 11:04:52'),
(514, 9, 'D301', 2, 1500.00, 1, 0, '2023-09-17 11:03:23', '2023-09-17 11:04:52'),
(515, 9, 'D302', 2, 1500.00, 1, 0, '2023-09-17 11:03:23', '2023-09-17 11:04:52'),
(516, 9, 'D303', 2, 1500.00, 1, 0, '2023-09-17 11:03:23', '2023-09-17 11:04:52'),
(517, 9, 'D304', 2, 1500.00, 1, 0, '2023-09-17 11:03:23', '2023-09-17 11:04:52'),
(518, 9, 'D305', 2, 1500.00, 1, 0, '2023-09-17 11:03:23', '2023-09-17 11:04:52'),
(519, 9, 'D306', 2, 1500.00, 1, 0, '2023-09-17 11:03:23', '2023-09-17 11:04:52'),
(520, 9, 'D307', 2, 1500.00, 1, 0, '2023-09-17 11:03:23', '2023-09-17 11:04:52'),
(521, 9, 'D308', 2, 1500.00, 1, 0, '2023-09-17 11:03:23', '2023-09-17 11:04:52'),
(522, 9, 'D309', 2, 1500.00, 1, 0, '2023-09-17 11:03:23', '2023-09-17 11:04:52'),
(523, 9, 'D310', 2, 1500.00, 1, 0, '2023-09-17 11:03:23', '2023-09-17 11:04:52'),
(524, 9, 'D311', 2, 1500.00, 1, 0, '2023-09-17 11:03:23', '2023-09-17 11:04:52'),
(525, 9, 'D312', 2, 1500.00, 1, 0, '2023-09-17 11:03:23', '2023-09-17 11:04:52'),
(526, 9, 'D313', 2, 1500.00, 1, 0, '2023-09-17 11:03:23', '2023-09-17 11:04:52'),
(527, 9, 'D314', 2, 1500.00, 1, 0, '2023-09-17 11:03:23', '2023-09-17 11:04:52'),
(528, 9, 'D315', 2, 1500.00, 1, 0, '2023-09-17 11:03:23', '2023-09-17 11:04:52'),
(529, 9, 'D316', 2, 1500.00, 1, 0, '2023-09-17 11:03:23', '2023-09-17 11:04:52'),
(530, 9, 'D317', 2, 1500.00, 1, 0, '2023-09-17 11:03:23', '2023-09-17 11:04:52'),
(531, 9, 'D318', 2, 1500.00, 1, 0, '2023-09-17 11:03:23', '2023-09-17 11:04:52'),
(532, 9, 'D319', 2, 1500.00, 1, 0, '2023-09-17 11:03:23', '2023-09-17 11:04:52'),
(533, 9, 'D320', 2, 1500.00, 1, 0, '2023-09-17 11:03:23', '2023-09-17 11:04:52'),
(534, 9, 'D321', 2, 1500.00, 1, 0, '2023-09-17 11:03:23', '2023-09-17 11:04:52'),
(535, 9, 'D322', 2, 1500.00, 1, 0, '2023-09-17 11:03:23', '2023-09-17 11:04:52'),
(536, 9, 'D323', 2, 1500.00, 1, 0, '2023-09-17 11:03:23', '2023-09-17 11:04:52'),
(537, 9, 'D324', 2, 1500.00, 1, 0, '2023-09-17 11:03:23', '2023-09-17 11:04:52'),
(538, 9, 'D401', 2, 1500.00, 1, 0, '2023-09-17 11:03:23', '2023-09-17 11:04:52'),
(539, 9, 'D402', 2, 1500.00, 1, 0, '2023-09-17 11:03:23', '2023-09-17 11:04:52'),
(540, 9, 'D403', 2, 1500.00, 1, 0, '2023-09-17 11:03:23', '2023-09-17 11:04:52'),
(541, 9, 'D404', 2, 1500.00, 1, 0, '2023-09-17 11:03:23', '2023-09-17 11:04:52'),
(542, 9, 'D405', 2, 1500.00, 1, 0, '2023-09-17 11:03:23', '2023-09-17 11:04:52'),
(543, 9, 'D406', 2, 1500.00, 1, 0, '2023-09-17 11:03:23', '2023-09-17 11:04:52'),
(544, 9, 'D407', 2, 1500.00, 1, 0, '2023-09-17 11:03:23', '2023-09-17 11:04:52'),
(545, 9, 'D408', 2, 1500.00, 1, 0, '2023-09-17 11:03:23', '2023-09-17 11:04:52'),
(546, 9, 'D409', 2, 1500.00, 1, 0, '2023-09-17 11:03:23', '2023-09-17 11:04:52'),
(547, 9, 'D410', 2, 1500.00, 1, 0, '2023-09-17 11:03:23', '2023-09-17 11:04:52'),
(548, 9, 'D411', 2, 1500.00, 1, 0, '2023-09-17 11:03:23', '2023-09-17 11:04:52'),
(549, 9, 'D412', 2, 1500.00, 1, 0, '2023-09-17 11:03:23', '2023-09-17 11:04:52'),
(550, 9, 'D413', 2, 1500.00, 1, 0, '2023-09-17 11:03:23', '2023-09-17 11:04:52'),
(551, 9, 'D414', 2, 1500.00, 1, 0, '2023-09-17 11:03:23', '2023-09-17 11:04:52'),
(552, 9, 'D415', 2, 1500.00, 1, 0, '2023-09-17 11:03:23', '2023-09-17 11:04:52'),
(553, 9, 'D416', 2, 1500.00, 1, 0, '2023-09-17 11:03:23', '2023-09-17 11:04:52'),
(554, 9, 'D417', 2, 1500.00, 1, 0, '2023-09-17 11:03:23', '2023-09-17 11:04:52'),
(555, 9, 'D418', 2, 1500.00, 1, 0, '2023-09-17 11:03:23', '2023-09-17 11:04:52'),
(556, 9, 'D419', 2, 1500.00, 1, 0, '2023-09-17 11:03:23', '2023-09-17 11:04:52'),
(557, 9, 'D420', 2, 1500.00, 1, 0, '2023-09-17 11:03:23', '2023-09-17 11:04:52'),
(558, 9, 'D421', 2, 1500.00, 1, 0, '2023-09-17 11:03:23', '2023-09-17 11:04:52'),
(559, 9, 'D422', 2, 1500.00, 1, 0, '2023-09-17 11:03:23', '2023-09-17 11:04:52'),
(560, 9, 'D423', 2, 1500.00, 1, 0, '2023-09-17 11:03:23', '2023-09-17 11:04:52'),
(561, 9, 'D424', 2, 1500.00, 1, 0, '2023-09-17 11:03:23', '2023-09-17 11:04:52'),
(562, 9, 'D501', 2, 1500.00, 1, 0, '2023-09-17 11:03:23', '2023-09-17 11:04:52'),
(563, 9, 'D502', 2, 1500.00, 1, 0, '2023-09-17 11:03:23', '2023-09-17 11:04:52'),
(564, 9, 'D503', 2, 1500.00, 1, 0, '2023-09-17 11:03:23', '2023-09-17 11:04:52'),
(565, 9, 'D504', 2, 1500.00, 1, 0, '2023-09-17 11:03:23', '2023-09-17 11:04:52'),
(566, 9, 'D505', 2, 1500.00, 1, 0, '2023-09-17 11:03:23', '2023-09-17 11:04:52'),
(567, 9, 'D506', 2, 1500.00, 1, 0, '2023-09-17 11:03:23', '2023-09-17 11:04:52'),
(568, 9, 'D507', 2, 1500.00, 1, 0, '2023-09-17 11:03:23', '2023-09-17 11:04:52'),
(569, 9, 'D508', 2, 1500.00, 1, 0, '2023-09-17 11:03:23', '2023-09-17 11:04:52'),
(570, 9, 'D509', 2, 1500.00, 1, 0, '2023-09-17 11:03:23', '2023-09-17 11:04:52'),
(571, 9, 'D510', 2, 1500.00, 1, 0, '2023-09-17 11:03:23', '2023-09-17 11:04:52'),
(572, 9, 'D511', 2, 1500.00, 1, 0, '2023-09-17 11:03:23', '2023-09-17 11:04:52'),
(573, 9, 'D512', 2, 1500.00, 1, 0, '2023-09-17 11:03:23', '2023-09-17 11:04:52'),
(574, 9, 'D513', 2, 1500.00, 1, 0, '2023-09-17 11:03:23', '2023-09-17 11:04:52'),
(575, 9, 'D514', 2, 1500.00, 1, 0, '2023-09-17 11:03:23', '2023-09-17 11:04:52'),
(576, 9, 'D515', 2, 1500.00, 1, 0, '2023-09-17 11:03:23', '2023-09-17 11:04:52'),
(577, 9, 'D516', 2, 1500.00, 1, 0, '2023-09-17 11:03:23', '2023-09-17 11:04:52'),
(578, 9, 'D517', 2, 1500.00, 1, 0, '2023-09-17 11:03:23', '2023-09-17 11:04:52'),
(579, 9, 'D518', 2, 1500.00, 1, 0, '2023-09-17 11:03:23', '2023-09-17 11:04:52'),
(580, 9, 'D519', 2, 1500.00, 1, 0, '2023-09-17 11:03:23', '2023-09-17 11:04:52'),
(581, 9, 'D520', 2, 1500.00, 1, 0, '2023-09-17 11:03:23', '2023-09-17 11:04:52'),
(582, 9, 'D521', 2, 1500.00, 1, 0, '2023-09-17 11:03:23', '2023-09-17 11:04:52'),
(583, 9, 'D522', 2, 1500.00, 1, 0, '2023-09-17 11:03:23', '2023-09-17 11:04:52'),
(584, 9, 'D523', 2, 1500.00, 1, 0, '2023-09-17 11:03:23', '2023-09-17 11:04:52'),
(585, 9, 'D524', 2, 1500.00, 1, 0, '2023-09-17 11:03:23', '2023-09-17 11:04:52'),
(586, 9, 'D601', 2, 1500.00, 1, 0, '2023-09-17 11:03:23', '2023-09-17 11:04:52'),
(587, 9, 'D602', 2, 1500.00, 1, 0, '2023-09-17 11:03:23', '2023-09-17 11:04:52'),
(588, 9, 'D603', 2, 1500.00, 1, 0, '2023-09-17 11:03:23', '2023-09-17 11:04:52'),
(589, 9, 'D604', 2, 1500.00, 1, 0, '2023-09-17 11:03:23', '2023-09-17 11:04:52'),
(590, 9, 'D605', 2, 1500.00, 1, 0, '2023-09-17 11:03:23', '2023-09-17 11:04:52'),
(591, 9, 'D606', 2, 1500.00, 1, 0, '2023-09-17 11:03:23', '2023-09-17 11:04:52'),
(592, 9, 'D607', 2, 1500.00, 1, 0, '2023-09-17 11:03:23', '2023-09-17 11:04:52'),
(593, 9, 'D608', 2, 1500.00, 1, 0, '2023-09-17 11:03:23', '2023-09-17 11:04:52'),
(594, 9, 'D609', 2, 1500.00, 1, 0, '2023-09-17 11:03:23', '2023-09-17 11:04:52'),
(595, 9, 'D610', 2, 1500.00, 1, 0, '2023-09-17 11:03:23', '2023-09-17 11:04:52'),
(596, 9, 'D611', 2, 1500.00, 1, 0, '2023-09-17 11:03:23', '2023-09-17 11:04:52'),
(597, 9, 'D612', 2, 1500.00, 1, 0, '2023-09-17 11:03:23', '2023-09-17 11:04:52'),
(598, 9, 'D613', 2, 1500.00, 1, 0, '2023-09-17 11:03:23', '2023-09-17 11:04:52'),
(599, 9, 'D614', 2, 1500.00, 1, 0, '2023-09-17 11:03:23', '2023-09-17 11:04:52'),
(600, 9, 'D615', 2, 1500.00, 1, 0, '2023-09-17 11:03:23', '2023-09-17 11:04:52'),
(601, 9, 'D616', 2, 1500.00, 1, 0, '2023-09-17 11:03:23', '2023-09-17 11:04:52'),
(602, 9, 'D617', 2, 1500.00, 1, 0, '2023-09-17 11:03:23', '2023-09-17 11:04:52'),
(603, 9, 'D618', 2, 1500.00, 1, 0, '2023-09-17 11:03:23', '2023-09-17 11:04:52'),
(604, 9, 'D619', 2, 1500.00, 1, 0, '2023-09-17 11:03:23', '2023-09-17 11:04:52'),
(605, 9, 'D620', 2, 1500.00, 1, 0, '2023-09-17 11:03:23', '2023-09-17 11:04:52'),
(606, 9, 'D621', 2, 1500.00, 1, 0, '2023-09-17 11:03:23', '2023-09-17 11:04:52'),
(607, 9, 'D622', 2, 1500.00, 1, 0, '2023-09-17 11:03:23', '2023-09-17 11:04:52'),
(608, 9, 'D623', 2, 1500.00, 1, 0, '2023-09-17 11:03:23', '2023-09-17 11:04:52'),
(609, 9, 'D624', 2, 1500.00, 1, 0, '2023-09-17 11:03:23', '2023-09-17 11:04:52');

-- --------------------------------------------------------

--
-- Table structure for table `student_list`
--

CREATE TABLE `student_list` (
  `id` int(30) NOT NULL,
  `code` varchar(100) NOT NULL,
  `firstname` text NOT NULL,
  `middlename` text DEFAULT NULL,
  `lastname` text NOT NULL,
  `department` text NOT NULL,
  `course` text NOT NULL,
  `gender` varchar(20) NOT NULL,
  `contact` text NOT NULL,
  `email` text NOT NULL,
  `address` text NOT NULL,
  `emergency_name` text NOT NULL,
  `emergency_contact` text NOT NULL,
  `emergency_address` text NOT NULL,
  `emergency_relation` text NOT NULL,
  `status` tinyint(1) NOT NULL DEFAULT 1,
  `delete_flag` tinyint(1) NOT NULL DEFAULT 0,
  `date_created` datetime NOT NULL DEFAULT current_timestamp(),
  `date_updated` datetime NOT NULL DEFAULT current_timestamp() ON UPDATE current_timestamp()
) ENGINE=InnoDB DEFAULT CHARSET=utf8mb4 COLLATE=utf8mb4_general_ci;

--
-- Dumping data for table `student_list`
--

INSERT INTO `student_list` (`id`, `code`, `firstname`, `middlename`, `lastname`, `department`, `course`, `gender`, `contact`, `email`, `address`, `emergency_name`, `emergency_contact`, `emergency_address`, `emergency_relation`, `status`, `delete_flag`, `date_created`, `date_updated`) VALUES
(1, '6231415', 'Mark', 'D', 'Cooper', 'College of Engineering', 'Bachelor of Science in Computer  Science', 'Male', '09123456789', 'mcooper@gmail.com', '23 St, Here City, Over There Province,  2306', 'Kevin Cooper', '09654789123', '23 St, Here City, Over There Province,  2306', 'Father', 1, 0, '2022-05-07 11:12:38', '2022-05-07 11:12:38'),
(2, '101497', 'Claire', 'C', 'Blake', 'College of Social Science', 'Bachelor of Science in Psychology', 'Female', '09654789123', 'cblake@gmail.com', '15 St., There City, Anywhere Province, 1014', 'Cynthia Blake', '09123456987', '15 St., There City, Anywhere Province, 1014', 'Mother', 1, 0, '2022-05-07 11:17:22', '2023-08-24 10:43:44'),
(3, '345300054191', 'อนุชิต', 'เทส', 'อาจหาญ', 'คณะพยาบาลศาสตร์', 'ปริญญาจัตวา', 'Male', '0829434898', 'mrjesusman@hotmail.com', '199', 'ไม่มี', '0885554587', '199', 'test', 1, 0, '2023-08-24 14:30:43', '2023-08-24 14:30:43');

-- --------------------------------------------------------

--
-- Table structure for table `system_info`
--

CREATE TABLE `system_info` (
  `id` int(30) NOT NULL,
  `meta_field` text NOT NULL,
  `meta_value` text NOT NULL
) ENGINE=InnoDB DEFAULT CHARSET=utf8mb4 COLLATE=utf8mb4_general_ci;

--
-- Dumping data for table `system_info`
--

INSERT INTO `system_info` (`id`, `meta_field`, `meta_value`) VALUES
(1, 'name', 'ระบบหอพักนักศึกษา คณะพยาบาลศาสตร์ ม.ขอนแก่น'),
(6, 'short_name', 'DMS - NUKKU'),
(11, 'logo', 'uploads/logo.png?v=1651888584'),
(13, 'user_avatar', 'uploads/user_avatar.jpg'),
(14, 'cover', 'uploads/cover2.png?v=1651888585');

-- --------------------------------------------------------

--
-- Table structure for table `users`
--

CREATE TABLE `users` (
  `id` int(50) NOT NULL,
  `firstname` varchar(250) NOT NULL,
  `middlename` text DEFAULT NULL,
  `lastname` varchar(250) NOT NULL,
  `username` text NOT NULL,
  `password` text NOT NULL,
  `avatar` text DEFAULT NULL,
  `last_login` datetime DEFAULT NULL,
  `type` tinyint(1) NOT NULL DEFAULT 0,
  `date_added` datetime NOT NULL DEFAULT current_timestamp(),
  `date_updated` datetime DEFAULT current_timestamp() ON UPDATE current_timestamp()
) ENGINE=InnoDB DEFAULT CHARSET=utf8mb4 COLLATE=utf8mb4_general_ci;

--
-- Dumping data for table `users`
--

INSERT INTO `users` (`id`, `firstname`, `middlename`, `lastname`, `username`, `password`, `avatar`, `last_login`, `type`, `date_added`, `date_updated`) VALUES
(1, 'Adminstrator', '', 'Admin', 'admin', '0192023a7bbd73250516f069df18b500', 'uploads/avatars/1.png?v=1649834664', NULL, 1, '2021-01-20 14:02:37', '2023-08-24 08:51:38'),
(6, 'อนุชิต', 'เทส', 'อาจหาญ', 'king', '3f48e34296343a0f2d2f09f896f1893a', NULL, NULL, 2, '2023-08-24 14:07:35', '2023-10-18 14:18:35');

--
-- Indexes for dumped tables
--

--
-- Indexes for table `account_list`
--
ALTER TABLE `account_list`
  ADD PRIMARY KEY (`id`),
  ADD KEY `student_id` (`student_id`),
  ADD KEY `room_id` (`room_id`);

--
-- Indexes for table `dorm_list`
--
ALTER TABLE `dorm_list`
  ADD PRIMARY KEY (`id`);

--
-- Indexes for table `payment_list`
--
ALTER TABLE `payment_list`
  ADD PRIMARY KEY (`id`),
  ADD KEY `account_id` (`account_id`);

--
-- Indexes for table `room_list`
--
ALTER TABLE `room_list`
  ADD PRIMARY KEY (`id`),
  ADD KEY `dorm_id` (`dorm_id`);

--
-- Indexes for table `student_list`
--
ALTER TABLE `student_list`
  ADD PRIMARY KEY (`id`);

--
-- Indexes for table `system_info`
--
ALTER TABLE `system_info`
  ADD PRIMARY KEY (`id`);

--
-- Indexes for table `users`
--
ALTER TABLE `users`
  ADD PRIMARY KEY (`id`);

--
-- AUTO_INCREMENT for dumped tables
--

--
-- AUTO_INCREMENT for table `account_list`
--
ALTER TABLE `account_list`
  MODIFY `id` int(30) NOT NULL AUTO_INCREMENT, AUTO_INCREMENT=10;

--
-- AUTO_INCREMENT for table `dorm_list`
--
ALTER TABLE `dorm_list`
  MODIFY `id` int(30) NOT NULL AUTO_INCREMENT, AUTO_INCREMENT=10;

--
-- AUTO_INCREMENT for table `payment_list`
--
ALTER TABLE `payment_list`
  MODIFY `id` int(30) NOT NULL AUTO_INCREMENT, AUTO_INCREMENT=6;

--
-- AUTO_INCREMENT for table `room_list`
--
ALTER TABLE `room_list`
  MODIFY `id` int(30) NOT NULL AUTO_INCREMENT, AUTO_INCREMENT=610;

--
-- AUTO_INCREMENT for table `student_list`
--
ALTER TABLE `student_list`
  MODIFY `id` int(30) NOT NULL AUTO_INCREMENT, AUTO_INCREMENT=4;

--
-- AUTO_INCREMENT for table `system_info`
--
ALTER TABLE `system_info`
  MODIFY `id` int(30) NOT NULL AUTO_INCREMENT, AUTO_INCREMENT=15;

--
-- AUTO_INCREMENT for table `users`
--
ALTER TABLE `users`
  MODIFY `id` int(50) NOT NULL AUTO_INCREMENT, AUTO_INCREMENT=7;

--
-- Constraints for dumped tables
--

--
-- Constraints for table `account_list`
--
ALTER TABLE `account_list`
  ADD CONSTRAINT `room_id_fk_al` FOREIGN KEY (`room_id`) REFERENCES `room_list` (`id`) ON DELETE CASCADE ON UPDATE NO ACTION,
  ADD CONSTRAINT `student_id_fk_al` FOREIGN KEY (`student_id`) REFERENCES `student_list` (`id`) ON DELETE CASCADE ON UPDATE NO ACTION;

--
-- Constraints for table `payment_list`
--
ALTER TABLE `payment_list`
  ADD CONSTRAINT `account_id_fk_pl` FOREIGN KEY (`account_id`) REFERENCES `account_list` (`id`) ON DELETE CASCADE ON UPDATE NO ACTION;

--
-- Constraints for table `room_list`
--
ALTER TABLE `room_list`
  ADD CONSTRAINT `drom_id_fk_rl` FOREIGN KEY (`dorm_id`) REFERENCES `dorm_list` (`id`) ON DELETE CASCADE ON UPDATE NO ACTION;
COMMIT;

/*!40101 SET CHARACTER_SET_CLIENT=@OLD_CHARACTER_SET_CLIENT */;
/*!40101 SET CHARACTER_SET_RESULTS=@OLD_CHARACTER_SET_RESULTS */;
/*!40101 SET COLLATION_CONNECTION=@OLD_COLLATION_CONNECTION */;
